id,first_name,rank,pct,census_trash
1,"Michael",3696000,99.47402597402598,46.2843
2,"James",3062560,99.525560315553,52.3593
3,"John",2868100,99.59066978138837,52.845
4,"David",2803200,99.62079052511416,49.6567
5,"Robert",2738180,99.56175269704694,55.2396
6,"William",2268640,99.60901685591368,49.248
7,"Christopher",1919740,99.52910289935095,37.2122
8,"Mary",1829960,0.30231316531508884,63.7156
9,"Joseph",1722210,99.59064225617085,43.1135
10,"Daniel",1646320,99.55537198114583,39.2779
11,"Richard",1535740,99.59433237396955,57.3445
12,"Matthew",1533200,99.65170884424732,32.9561
13,"Thomas",1511520,99.63480469990473,50.9517
14,"Jennifer",1407170,0.32046518899635434,42.4293
15,"Charles",1257590,99.47598183827797,52.7803
16,"Anthony",1219130,99.50046344524374,37.4428
17,"Joshua",1193750,99.59623036649215,29.0242
18,"Elizabeth",1152410,0.28712090315078836,42.2627
19,"Andrew",1138400,99.63018271257906,32.8785
20,"Mark",1132470,99.66003514441883,52.3915
21,"Linda",1125540,0.22895054818131738,66.5641
22,"Patricia",1091390,0.279754258331119,65.3788
23,"Steven",1088450,99.61964261105241,49.2269
24,"Kevin",1066500,99.53398968588843,42.0985
25,"Brian",1056100,99.59000094688002,44.2085
26,"Jessica",1024590,0.33432494949199193,34.0011
27,"Jason",986649,99.50934932280882,38.2456
28,"Ryan",944922,97.25035505576122,29.1361
29,"Timothy",935767,99.57329121458653,46.7712
30,"Jacob",916046,99.75983738807876,22.7823
31,"Susan",906931,0.20862447088036465,62.4777
32,"Lisa",894225,0.2761284911515558,52.3115
33,"Sarah",893051,0.2731109421522399,35.5336
34,"Barbara",883614,0.22964552395050328,68.9426
35,"Paul",853341,99.5817615701109,54.1917
36,"Ashley",850966,1.5487457783272187,29.6275
37,"Jeffrey",848023,99.61758112692698,49.7099
38,"Nicholas",844663,99.65524712222508,29.5179
39,"Karen",830449,0.2651625807244033,59.4325
40,"Kenneth",821114,99.54293800860782,54.7909
41,"Jonathan",815895,99.57629351816104,31.2972
42,"Eric",810136,99.49452931359673,40.3856
43,"Emily",802079,0.19846798133350954,25.664
44,"Kimberly",799410,0.45730601318472375,44.4256
45,"Michelle",771907,0.38604780109520964,44.2755
46,"Justin",757377,99.51186793367108,30.7066
47,"Amanda",751034,0.27042317658055426,35.5057
48,"Brandon",745350,99.45958274636078,28.8051
49,"Melissa",723650,0.32182132246251643,41.8976
50,"Stephanie",705709,0.34997428118388746,39.633
51,"Donald",703300,99.55651926631593,61.635
52,"Ronald",699893,99.58150745899731,60.9155
53,"Benjamin",698609,99.68680621062713,27.2064
54,"Sandra",687227,0.2837737748953403,62.9588
55,"Nancy",679544,0.2588662397136903,64.8972
56,"Scott",675398,99.64110050666422,49.6221
57,"Stephen",671823,99.62594314276231,50.6358
58,"Alexander",658903,99.35043549657537,22.7825
59,"Rebecca",657741,0.26842632586382786,44.9416
60,"Amy",644578,0.26120190264017695,43.5029
61,"Gary",641855,99.59430089350398,61.3828
62,"Deborah",629271,0.20898468227520417,62.1847
63,"Edward",623117,99.5461526487,54.4529
64,"Donna",622878,0.23208557695086357,64.1777
65,"Laura",620008,0.2976348692274938,48.0679
66,"Samuel",615039,99.64229910623554,30.0751
67,"Angela",614112,0.3001667448283049,45.439
68,"Cynthia",611506,0.26611840276301457,56.8151
69,"Tyler",600197,97.18309155160722,24.3771
70,"Gregory",597859,99.56344221630853,50.8796
71,"George",579856,99.30620705830412,56.1565
72,"Nicole",576775,0.3217649863464956,35.1003
73,"Samantha",576269,0.201812000992592,26.3522
74,"Sharon",568351,0.36833400486671086,64.1038
75,"Patrick",564079,99.56725919596369,43.8605
76,"Aaron",560229,99.26333695685157,30.6963
77,"Carol",558584,0.5494625696403764,68.5938
78,"Emma",535975,0.14693558468212137,18.6726
79,"Larry",535886,99.48477847900486,62.4637
80,"Adam",533258,99.6305728184106,31.9507
81,"Zachary",532803,99.71978386007586,25.5468
82,"Nathan",530540,99.68843065555849,26.7008
83,"Kathleen",529184,0.2125593366390518,60.7504
84,"Kelly",516702,13.116709437935212,44.5485
85,"Jose",515052,99.31599139504361,31.6378
86,"Brenda",512465,0.3362746724166528,59.1436
87,"Jordan",512278,74.20560711176354,22.7898
88,"Margaret",509965,0.23252772249075915,59.8997
89,"Rachel",509375,0.28778601226993866,34.8286
90,"Pamela",508913,0.2187623424828998,60.1618
91,"Heather",506446,0.2741022734901648,40.744
92,"Olivia",501496,0.13649700097308853,15.9215
93,"Katherine",485878,0.2584558263597035,39.9107
94,"Debra",475378,0.19389811897058762,62.1313
95,"Christine",473443,0.3215128325901957,53.4151
96,"Kyle",471452,98.24648108397037,30.4596
97,"Maria",466267,0.6773029187139558,42.3384
98,"Lauren",465348,0.7483195372065636,29.6255
99,"Julie",460994,0.2724373853021948,50.9461
100,"Noah",458638,99.23360035583619,13.4792
101,"Victoria",458613,0.22831886579752428,31.7032
102,"Ethan",457054,99.84159420987454,15.6281
103,"Christina",446990,0.41815029419002664,40.4532
104,"Christian",444956,95.69148410179884,22.4458
105,"Anna",443582,0.2473499826413155,37.6634
106,"Dennis",433331,99.50730503933482,59.8782
107,"Megan",430525,0.2464897508855467,31.0106
108,"Hannah",430256,0.1628807035811238,21.3683
109,"Taylor",428789,24.606974525932333,23.3789
110,"Jeremy",423582,99.47637057287609,35.1474
111,"Andrea",418390,1.244432228303736,38.732
112,"Austin",411711,98.73042012479628,22.3475
113,"Diane",410834,0.2432291387762454,64.3926
114,"Jack",409337,99.72345524592207,34.453
115,"Douglas",407952,99.64039887045534,56.1729
116,"Madison",406646,1.314379091396448,16.8154
117,"Dylan",406439,96.32244937124636,18.0141
118,"Alexis",401874,16.024525099906935,22.2793
119,"Sean",401866,99.29727819721002,34.5809
120,"Peter",401766,99.6590054907583,48.8549
121,"Terry",399076,80.10779901572633,59.0717
122,"Jerry",393541,97.69630102073228,60.4417
123,"Catherine",392534,0.23702303494729116,51.5409
124,"Abigail",391694,0.16624176014950445,17.2827
125,"Logan",391074,92.55844162485872,15.4101
126,"Janet",384058,0.24315051372448956,64.8135
127,"Sophia",382542,0.12392495464550299,13.3594
128,"Carolyn",380139,0.25010746069201006,64.5015
129,"Raymond",379712,99.48197581324794,54.1705
130,"Isabella",374329,0.11493605892143006,11.979
131,"Cheryl",372697,0.20707947743072794,61.5104
132,"Betty",372408,0.2920291723056433,74.2431
133,"Gabriel",367387,98.20570678875409,19.851
134,"Frank",365796,99.48905947577337,56.9752
135,"Henry",365155,99.50103380756117,35.7123
136,"Amber",363866,0.25765501585748596,33.0536
137,"Danielle",361795,0.49836233225998144,33.7983
138,"Bryan",358426,99.53881693850334,35.9498
139,"Sara",354943,0.27618631723966947,37.366
140,"Brittany",354178,0.29396235791042924,30.5619
141,"Keith",351305,99.4799390842715,50.5836
142,"Teresa",349712,0.2637049915358924,55.916
143,"Natalie",346631,0.20132994452313843,25.8577
144,"Jacqueline",346126,0.3119759856237324,48.0961
145,"Shirley",341428,0.6426655107372564,72.4607
146,"Kayla",339307,0.1651498495462811,24.5993
147,"Angel",337520,71.68138184403887,22.2846
148,"Jamie",336729,23.640939746799354,39.6889
149,"Jesse",334683,96.82087228810546,36.0257
150,"Elijah",333109,99.6361551324041,13.7039
151,"Denise",332502,0.3544339582919802,55.1535
152,"Tiffany",329783,0.3426920126264847,35.7575
153,"Shannon",329525,14.27448600257947,41.9649
154,"Kathryn",323061,0.23622380912583074,47.9232
155,"Juan",321045,99.28172063106419,31.0404
156,"Cameron",320473,90.68345851288564,20.0958
157,"Mason",318009,99.01606558304954,12.9426
158,"Crystal",316921,0.34923214302618,38.7326
159,"Shawn",314460,90.29956115245183,41.09
160,"Erin",313903,2.7922925234865548,35.6299
161,"Julia",313498,0.313024963476641,35.9539
162,"Diana",312769,0.34876218551071236,49.0407
163,"Lori",312602,0.23784108866865852,54.5638
164,"Judith",310853,0.2264086240119928,68.9066
165,"Ava",309574,0.10264654008411558,11.4256
166,"Alyssa",308454,0.1369309524272663,22.5681
167,"Tammy",307196,0.3961314600450527,53.7612
168,"Allison",305017,0.5921997790287099,27.7921
169,"Grace",303451,0.17971896615928107,25.6126
170,"Caleb",301951,99.79201923490898,17.574
171,"Joyce",301574,0.3331122709517399,68.9507
172,"Evelyn",300032,0.2660862841296928,35.4998
173,"Leslie",298094,17.972585828631235,47.3519
174,"Robin",297088,12.274713216286083,54.8174
175,"Lucas",293806,99.82981967692967,15.2503
176,"Liam",292376,99.84574657290612,8.32402
177,"Charlotte",291937,0.1333900807365973,31.4246
178,"Luke",290234,99.81428778158313,18.0823
179,"Janice",288297,0.24112911337960505,66.4906
180,"Dorothy",285361,0.2747050227606435,71.8409
181,"Travis",284951,99.38234994788577,35.1187
182,"Tracy",284934,17.944541542953807,50.7119
183,"Cody",284863,98.27144978463332,27.5046
184,"Kathy",284764,0.20376838364399996,61.3914
185,"Isaac",283053,99.75410965437568,18.51
186,"Bradley",282566,99.38067566515434,39.2492
187,"Judy",279431,0.24457093164323215,68.2217
188,"Randy",276588,98.46486470851953,53.6177
189,"Theresa",276337,0.27376428057046287,58.0458
190,"Alan",275996,99.66195162248728,46.9376
191,"Roger",274951,99.58974508185095,60.4212
192,"Mia",273174,0.1239601865477681,12.3691
193,"Evan",273113,98.40432348515084,21.0652
194,"Courtney",272225,7.409716227385434,32.028
195,"Ann",271448,0.24436282455571598,62.0388
196,"Carlos",270558,99.34468764553257,30.7871
197,"Luis",266595,99.47035765862076,27.11
198,"Jackson",266585,99.7336684359585,13.1331
199,"Tina",265573,0.30211203699171224,52.3174
200,"Bruce",262057,99.63977302647898,59.7527
201,"Dawn",261454,0.3229654164786157,53.3837
202,"Hunter",261085,94.92502441733535,16.8086
203,"Vincent",258049,99.59813833806757,37.818
204,"Jayden",258042,91.61880624084452,10.9645
205,"Adrian",257417,94.40324454095884,22.6274
206,"Brianna",257195,0.16529792569840004,20.9807
207,"Morgan",254582,14.615133827214807,23.6222
208,"Joan",252873,2.247131959521183,71.1464
209,"Jasmine",251560,0.486134520591509,23.3344
210,"Alex",250899,96.32601166206321,27.202
211,"Craig",250427,99.63542269803176,52.1807
212,"Vanessa",250168,0.37113779540149017,33.3832
213,"Todd",249690,99.60230686050703,50.3431
214,"Virginia",247358,0.26394052345183905,64.4322
215,"Gloria",246750,0.3770147922998987,63.9234
216,"Martha",246329,0.3256295442274357,64.0766
217,"Nathaniel",244643,99.60146008673864,27.4619
218,"Melanie",243332,0.2369375996580803,35.8293
219,"Carl",241449,99.30461505328248,57.5567
220,"Valerie",239926,0.2509340379950485,44.3754
221,"Wendy",239884,0.35459722199062876,50.9626
222,"Aiden",239736,99.14405846431075,10.0779
223,"Victor",239634,99.43705818039177,37.7993
224,"Ian",237810,99.67705310962533,22.7248
225,"Alexandra",236762,0.35317534063743333,24.4956
226,"Ruth",236598,0.28832280915307823,62.6552
227,"Beverly",236420,0.5550207258269183,67.7789
228,"Joel",235727,99.11465381564267,37.6784
229,"Phillip",235457,99.532398697002,48.2246
230,"Gerald",235130,99.40543529111555,61.6884
231,"Lawrence",235084,99.47848428646782,58.1967
232,"Helen",231897,0.27230839553767405,66.2248
233,"Cindy",231650,0.2940388517159508,53.7362
234,"Isaiah",231074,99.7187048304872,15.541
235,"Monica",231066,0.3960232141466075,42.4833
236,"Chloe",230289,0.1481742506155309,14.095
237,"April",230250,0.2702045602605863,41.1525
238,"Paula",229896,0.31100497616313466,58.4144
239,"Walter",226737,99.39974507910046,57.1474
240,"Antonio",226562,99.26421906586278,31.3403
241,"Johnny",225452,98.93236697833684,51.7325
242,"Chad",225380,99.55719229745318,41.3532
243,"Connor",225329,99.27439433006849,16.3421
244,"Erica",225271,0.43275255137145924,35.5993
245,"Derek",223777,99.60719823753111,33.7209
246,"Leah",223316,0.20037525300471085,25.5023
247,"Willie",222230,84.86072987445439,61.9646
248,"Danny",221544,99.35633553605604,54.2245
249,"Julian",220697,98.76980656737518,17.8964
250,"Riley",219407,42.028923416299385,14.6335
251,"Marilyn",219006,0.22992338109458188,66.6815
252,"Dana",218808,18.678476106906512,47.5078
253,"Bonnie",217593,0.631991837972729,63.7925
254,"Marcus",217434,99.42419308847742,32.2497
255,"Philip",216844,99.65274575270702,51.4531
256,"Alice",216153,0.24159414858919373,54.7392
257,"Jane",215413,0.2401363891687131,60.9089
258,"Russell",215085,99.53320780156683,52.9206
259,"Jesus",214288,99.04754349286941,27.1343
260,"Alicia",214276,0.2964219044596688,37.2282
261,"Jean",213401,7.5394210898730565,67.0918
262,"Kristen",212934,0.9420383780889854,37.4573
263,"Ella",211945,0.13868928259690014,20.6079
264,"Joe",211782,97.49364912976552,58.5338
265,"Wayne",211232,99.5530980154522,60.4238
266,"Arthur",210605,99.36326298046106,54.7464
267,"Avery",209714,27.668443689977778,12.4539
268,"Billy",209132,98.62766099879502,58.5914
269,"Audrey",207219,0.5471168184384636,33.3812
270,"Amelia",206694,0.09110327343802917,15.3854
271,"Connie",206649,1.3574757196986194,63.3217
272,"Martin",205431,99.51127142446856,46.9328
273,"Jeremiah",205335,99.67467796527626,20.1826
274,"Michele",203097,1.0322407519559618,54.1558
275,"Owen",202406,99.73864411134056,13.8456
276,"Rose",202320,0.31621194147884535,56.0186
277,"Lillian",200211,0.16488504627617862,29.7356
278,"Dustin",200157,99.3305255374531,33.4153
279,"Jeffery",199984,99.4299543963517,50.1667
280,"Sheila",196914,0.24494398569934084,59.5397
281,"Jared",196826,99.61895278062858,29.8729
282,"Bobby",196328,97.06664357605639,57.4292
283,"Jimmy",196202,99.26096573939104,55.0344
284,"Katie",196039,0.1903508995659027,33.2989
285,"Sherry",195865,0.3384055344242208,59.6311
286,"Anne",195515,0.2347901695522083,54.8092
287,"Brooke",193550,0.8419633169723585,25.6065
288,"Blake",192650,91.65637165844797,21.4488
289,"Rodney",192518,99.47745145908435,53.2738
290,"Tony",192510,98.86759129395875,49.7477
291,"Frances",191963,0.7759932903736657,65.9088
292,"Holly",191765,0.42451594399395093,42.1298
293,"Carter",190939,95.79237348053566,11.7322
294,"Marie",190364,0.42052173730327164,60.5759
295,"Caroline",190167,0.12704780535003446,29.0638
296,"Ricky",187844,99.1024467111007,52.3872
297,"Oliver",187246,99.76234472298474,12.152
298,"Jill",187116,0.23128380256097822,53.5625
299,"Kim",187105,14.125223804815478,58.674
300,"Sebastian",186870,99.8073527050891,11.8376
301,"Rhonda",186179,0.26655584142142774,57.2479
302,"Wyatt",185744,99.49769575329486,12.184
303,"Veronica",185463,0.4113073766735144,41.5996
304,"Shane",184625,98.15517941773865,34.3918
305,"Peggy",184095,0.21289117031967195,68.4255
306,"Corey",183652,95.27149173436717,34.5257
307,"Wesley",183593,98.60942410658359,32.9815
308,"Troy",183273,98.86453541983816,42.6054
309,"Dale",183200,91.43176855895196,60.7457
310,"Albert",182954,99.40094231336839,55.6394
311,"Gavin",182640,99.79029785370128,15.6786
312,"Curtis",182523,99.26365444354957,50.0008
313,"Casey",182391,58.53742783361021,32.517
314,"Savannah",179594,0.11823334855284699,17.083
315,"Lynn",179261,15.714293683511752,61.4301
316,"Roy",179049,99.33258493485023,58.4982
317,"Sydney",176020,2.6523406431087375,20.9344
318,"Harold",175665,99.45692084365126,63.7073
319,"Levi",175512,99.31172797301609,14.3345
320,"Chase",175286,97.9222527754641,17.9753
321,"Louis",174804,99.34326445619094,51.7124
322,"Suzanne",174723,0.21444228865117929,59.4865
323,"Landon",174422,99.38654527525198,13.3564
324,"Stacy",173391,10.724835775789979,45.7903
325,"Miguel",173350,99.45370637438707,26.9914
326,"Allen",173331,99.3613375564671,50.3568
327,"Kristin",172838,0.8789386593226027,41.161
328,"Hailey",172096,0.14474072610635924,16.0089
329,"Theodore",171632,99.71450545352847,33.3387
330,"Lee",170418,75.75080097172834,54.8279
331,"Wanda",168981,0.3097259455205023,66.4106
332,"Tara",168616,0.30071701380651894,40.4077
333,"Carrie",168060,0.3175824110436749,48.9419
334,"Dominic",167605,99.29417380149756,19.7721
335,"Devin",167477,89.8666682589251,24.667
336,"Steve",165890,99.58767858219302,57.506
337,"Renee",165693,0.8628366919543976,50.448
338,"Debbie",165150,0.21554586739327883,60.268
339,"Kaitlyn",163687,0.1388467013263118,21.6528
340,"Cassandra",162996,0.21645009693489412,35.254
341,"Claire",161730,0.28936684597786433,25.3082
342,"Sofia",159659,0.10220344609448888,11.4009
343,"Chelsea",159377,0.24670937462745565,28.2063
344,"Lindsey",158499,3.031299882018183,31.8646
345,"Randall",158054,99.34452781960596,54.2857
346,"Ellen",157975,0.20921411615761987,58.9909
347,"Lily",157947,0.08525011554508792,13.6993
348,"Molly",157342,0.22036328507327985,29.1797
349,"Haley",156746,0.4385725951539433,23.1915
350,"Seth",156253,99.69088593499005,27.3878
351,"Elaine",155474,0.19463897500546715,62.7161
352,"Trevor",155232,99.61863533292104,26.7397
353,"Gail",153921,1.9785604303506343,67.0912
354,"Ruby",153353,0.6122749473437102,41.0888
355,"Phyllis",152698,0.21001126406370746,71.8003
356,"Stacey",151821,8.019839152686387,46.3203
357,"Madeline",151723,0.12271310216644805,24.7249
358,"Kelsey",151537,3.07892461906993,26.778
359,"Brett",150914,97.84645559722756,38.2165
360,"Ralph",150861,99.51743658069348,63.2135
361,"Shelby",150125,7.325228975853455,29.5703
362,"Darlene",150063,0.2481810972724789,62.8361
363,"Rita",149717,0.22647060788020065,64.6991
364,"Addison",148905,7.281152412612069,11.6662
365,"Destiny",148731,0.3425761946063699,20.1576
366,"Xavier",147806,99.43574685736709,16.6258
367,"Laurie",147754,0.5542448935392612,57.3209
368,"Erik",147484,99.56402050391907,33.9291
369,"Calvin",145726,99.41396868094918,39.345
370,"Cathy",145486,0.18377575849222605,61.6469
371,"Cole",144944,99.64055083342532,17.9599
372,"Jenna",144921,0.17152862594102994,25.6131
373,"Anita",144543,0.28368098074621395,60.1192
374,"Doris",144227,0.5058463394510043,73.0398
375,"Glenn",144158,99.29383038055467,59.1648
376,"Joanne",143964,0.1929593509488483,65.0872
377,"Jay",143372,98.78079401835784,49.3445
378,"Zoe",143051,0.37596521520296955,14.1522
379,"Eugene",142843,99.24812556443088,61.1072
380,"Mackenzie",142670,5.18150977780893,17.8931
381,"Gina",142471,0.2587249334952376,47.2994
382,"Paige",142384,0.6444242330598944,23.4962
383,"Parker",141444,82.06215887559742,12.8304
384,"Aubrey",140631,11.232871841912523,16.7929
385,"Ronnie",140241,95.57903894011024,56.7652
386,"Chris",139911,85.74093530887494,51.5984
387,"Regina",139780,0.3248590642438117,51.254
388,"Mitchell",139649,99.28320288723872,39.0838
389,"Colton",139504,99.86093588714301,14.3004
390,"Mike",139328,99.64400551217271,59.4403
391,"Heidi",138818,0.23912677030356297,42.1532
392,"Oscar",138677,99.49739322310116,30.6385
393,"Frederick",138015,99.48266492772525,54.6299
394,"Colleen",136235,0.20546702389253862,52.4777
395,"Jon",136011,99.25079589150877,50.7735
396,"Sylvia",135964,0.32701965226089263,57.9681
397,"Beth",135961,0.20857231117747,55.297
398,"Sabrina",135848,0.24254681703079914,32.734
399,"Alejandro",135833,99.39263654634736,23.0987
400,"Derrick",135584,99.3000649044135,37.6449
401,"Manuel",135399,99.37444146559427,37.4554
402,"Autumn",135317,0.22546538867991459,19.3456
403,"Kaylee",135064,0.12865012142391755,15.7051
404,"Gabrielle",134960,0.5660306757557795,22.8955
405,"Hayden",134828,77.10861245438633,14.5807
406,"Stanley",134771,99.46947043503425,59.5009
407,"Dean",134764,99.04870736992075,45.7321
408,"Eva",134623,0.249981058214421,35.797
409,"Barry",134307,99.52496891450186,59.0488
410,"Faith",133523,0.19067501479145915,24.1979
411,"Edwin",133395,99.49248472581431,42.7655
412,"Carla",133314,0.2812622830310395,51.3343
413,"Lydia",133306,0.1409523952410244,30.1475
414,"Eli",132632,99.3402798721274,13.6055
415,"Ricardo",131979,99.48931269368612,32.6076
416,"Peyton",131945,37.67478873773163,13.3685
417,"Katelyn",131712,0.1165474672011662,22.3016
418,"Kristina",131497,0.25242477014684744,38.0577
419,"Terri",130808,0.6066830774876154,57.227
420,"Brayden",130586,99.2120135389705,11.6165
421,"Josiah",130051,99.6693604816572,11.7803
422,"Jorge",130041,99.48631585423058,27.6281
423,"Lindsay",129943,2.397658973549941,34.0882
424,"Eddie",129941,95.9042950262042,54.8354
425,"Mario",129572,99.24443552619393,34.3829
426,"Alexa",129198,0.21610396445765415,17.4737
427,"Eleanor",128267,0.08767570770346231,34.7907
428,"Micheal",128186,98.69018457553868,49.6596
429,"Gabriella",128161,0.05211655651875375,14.8409
430,"Vicki",127827,0.17466967072684175,63.1399
431,"Garrett",127519,99.65338498576682,25.9319
432,"Leonard",126962,99.46125612387958,58.1343
433,"Leo",126863,99.50813081828429,26.488
434,"Cory",126639,95.05365645654183,35.6495
435,"Sally",126217,0.24052385970194187,63.6759
436,"Naomi",126193,0.11447703121409268,27.0882
437,"Carson",126015,94.08165694560171,14.3938
438,"Marvin",125961,99.30454664539023,54.0917
439,"Dakota",125959,70.08050238569693,19.6215
440,"Annette",125841,0.276509245794296,57.872
441,"Howard",125341,99.49417987729474,62.4665
442,"Colin",125154,99.65402623967272,24.0188
443,"Tristan",125007,94.89308598718472,17.0489
444,"Brent",124743,99.57111821905839,44.2762
445,"Bailey",124339,15.612076661385407,18.3851
446,"Melinda",123492,0.24687753052829334,49.8098
447,"Vivian",123145,0.5314645336798083,40.947
448,"Harry",123123,99.48344338588241,60.8912
449,"Marc",122774,99.59600566895271,45.86
450,"Tamara",122223,0.31089729428994545,47.316
451,"Lucy",122157,0.13053529474364955,29.1113
452,"Jo",122119,0.8985252090174337,68.1946
453,"Harper",122026,4.652606821497058,6.34973
454,"Francisco",121907,99.33801996603968,30.7494
455,"Erika",121720,0.42939779822543545,33.7485
456,"Norma",120580,0.4795082103168022,67.031
457,"Tommy",120515,98.54209019624113,54.5849
458,"Ernest",120223,99.29131696929872,58.7893
459,"Andre",119432,98.34717663607744,34.4819
460,"Jessie",119201,49.30873063145443,46.2545
461,"Bryce",119123,97.20457006623407,20.5435
462,"Francis",119117,89.99135303944861,56.0266
463,"Deanna",118900,0.18590748528174939,47.8323
464,"Micah",118641,89.07376033580296,18.0328
465,"Marissa",118610,0.22005986004552733,26.5775
466,"Brooklyn",118256,1.4167484102286565,11.4958
467,"Darrell",118116,99.2168715500017,53.7827
468,"Jackie",118024,39.87494069002915,58.8649
469,"Ivan",117906,99.55897070547725,24.5612
470,"Carmen",117302,6.6073638983137535,45.4789
471,"Nora",116707,0.21008251433075995,25.8164
472,"Kylie",116615,0.3750709599965699,16.7026
473,"Diego",116546,99.80093696909374,15.4425
474,"Aidan",116527,97.69838749817639,15.5668
475,"Annie",115402,0.3411890608481655,55.3092
476,"Max",115390,99.3552300892625,24.9384
477,"Grant",115092,99.82883258610504,26.142
478,"Josephine",115051,0.16399075192740611,42.1421
479,"Spencer",115027,95.7097029393099,26.4927
480,"Lois",114407,0.5038363037226743,72.9551
481,"Jaime",113570,57.54301311966188,35.7919
482,"Nolan",113551,99.60194097806271,14.6663
483,"Jake",113539,99.81768379147253,22.4248
484,"Melvin",113437,99.06467907296562,56.8274
485,"Tonya",113373,0.34850008379420144,48.7412
486,"Grayson",112640,96.4444247159091,8.61882
487,"Maureen",112219,0.20848875858811788,61.7191
488,"Layla",111978,0.09039096965475361,9.43992
489,"Ariana",111962,0.17506743359354066,15.008
490,"Yvonne",111207,0.3599036031904466,59.3691
491,"Miranda",111178,0.1640207595027793,26.8451
492,"Maya",110592,0.1451271339699074,14.3139
493,"Caitlin",110286,0.24814482345900654,27.8211
494,"Mariah",110234,0.16200627755501934,20.2287
495,"Alison",109947,0.4234940471317999,35.697
496,"Eileen",109733,0.1831181139675394,60.1789
497,"Tanya",109663,0.3399195717789957,46.1856
498,"Joy",108145,1.0468260206204631,49.9097
499,"Charlie",107856,73.59071354398458,33.1118
500,"Jocelyn",107589,0.3178261718205393,21.8259
501,"Fred",106639,99.44579375275462,65.2316
502,"Cooper",105751,97.84588325405906,10.9896
503,"Irene",105546,0.30922725636215487,60.3855
504,"Makayla",105411,0.1423627515154965,16.3622
505,"Brandy",105134,2.042212795099587,38.861
506,"Joann",104558,0.32573021672181945,65.2792
507,"Zoey",103675,0.20876585483482032,8.86953
508,"Clayton",103511,99.59521210306151,33.1429
509,"Jaxon",102510,99.63418203102137,7.69043
510,"Ana",102455,0.5466926943536187,28.9449
511,"Preston",102386,99.32314964936613,24.5527
512,"Eduardo",102126,99.58580576934375,25.5174
513,"Claudia",101839,0.5031284674829878,47.0789
514,"Camila",101393,0.09410265008432535,7.57483
515,"Esther",101262,0.26345815804546624,43.4448
516,"Aaliyah",101051,0.09885008560034042,11.9007
517,"Clara",100793,0.15702876191799034,39.1051
518,"Alexandria",100278,0.20898103272901336,23.3353
519,"Isabel",99704.8,0.9501428216093909,23.7202
520,"Melody",99691.9,0.1539513240293344,35.2608
521,"Charlene",99634.1,0.26437334205859236,59.5716
522,"Ashton",99458.5,80.82215195282456,15.6813
523,"Javier",99371,99.5226977689668,26.535
524,"Stella",99308.3,0.0794539832018069,24.6413
525,"Brandi",99198.2,0.3723545386912263,37.2195
526,"Jade",99116.1,5.5028093316827436,18.0036
527,"Whitney",99015.4,4.25963032013202,32.1328
528,"Angelina",98978.7,0.08175688304655446,23.9079
529,"Arianna",98858.1,0.07319632887947472,13.8713
530,"Roberta",98697.2,0.3963759863501701,66.4302
531,"Lorraine",98621.3,0.24406999299340001,65.4681
532,"Elias",98388.5,99.79082921276368,14.0647
533,"Kara",98206.4,0.255750134410792,33.2254
534,"Norman",98168.5,99.28551419243445,62.6032
535,"Maxwell",98017.1,99.35113362872397,17.0693
536,"Sierra",98011.7,0.2657856153908156,22.6548
537,"Damian",97981.7,99.66769304880401,17.4564
538,"Roberto",97917.4,99.30757965387153,34.6867
539,"Skylar",97780.8,17.961501644494625,12.9957
540,"Omar",97576.8,99.55214764165252,23.7927
541,"Madelyn",97279.1,0.04375575020739295,15.3567
542,"Jerome",97056.6,99.29020798173435,53.9885
543,"Joanna",97012.7,0.3018470777537374,34.9067
544,"Bethany",97004.4,0.18140311161143208,31.1241
545,"Katrina",96552.9,0.23193399680382465,38.9679
546,"Tanner",96159.5,97.5330570562451,20.3972
547,"Jeanette",95779.3,0.3235740916878699,59.2505
548,"Hector",95767.7,99.52238594014476,31.681
549,"Darren",95431,99.43865201035304,41.2746
550,"Earl",95380.7,99.18914413502942,61.9514
551,"Marcia",94917.9,0.18456687305555647,65.1308
552,"Kendra",94850.7,0.35348394898508917,31.2743
553,"Edgar",94827.3,99.55023500616383,33.1374
554,"Natasha",94591.5,0.2868111828229809,33.8387
555,"Hazel",94464.8,0.7063731675714128,31.9439
556,"Rosa",94459.7,0.6460374106629599,49.9272
557,"Yolanda",94402.6,0.48408306550878893,52.6597
558,"Jeff",94348.4,99.75728258242853,56.8419
559,"Briana",94311.2,0.21338822960581563,23.7856
560,"Meghan",94211.7,0.22948529747366833,31.1318
561,"Ray",93933.9,98.15306295171392,56.7969
562,"Miles",93912.9,99.69120323193086,16.4087
563,"Ariel",93821.3,20.8285325400522,20.4877
564,"Daisy",93721.5,0.3706065310521065,28.408
565,"Ruben",93719.9,99.39671297131133,37.4854
566,"Lance",93591.7,99.65018265508587,41.4547
567,"Christy",93400.4,1.0720939096620572,46.2631
568,"Kendall",93306.1,32.69175327229409,23.3733
569,"Johnathan",93303.5,99.63549063004066,26.8983
570,"Vickie",93191.7,0.3138251582490716,62.6228
571,"Scarlett",92785.4,0.036406913156595756,8.59309
572,"Fernando",92321.3,99.38475736368531,28.284
573,"Loretta",92242.7,0.22940460329110057,64.2179
574,"Juanita",92194.2,0.38694733508181645,63.6395
575,"Jeanne",92191.1,0.18075931407695536,65.2546
576,"Mateo",91883.4,99.9524397225179,6.50274
577,"Adriana",91873.2,0.42469403482190676,23.4119
578,"Rosemary",91797.7,0.18777158904852737,58.3265
579,"Nevaeh",91744.5,0.4500803862901863,10.6661
580,"Gianna",91718.6,0.07146685623199656,10.7015
581,"Nicolas",91572.5,99.81238909061126,20.8043
582,"Sue",91547,0.36411897713742664,67.9134
583,"Priscilla",91516.1,0.2043028494439776,45.0447
584,"Jaden",91484.4,85.36264106230134,14.7824
585,"Brady",91060.3,97.86196619163344,20.518
586,"Kennedy",90726.2,7.281171260341555,12.6996
587,"Clarence",90080,99.1903863232682,60.5582
588,"Hudson",89407.2,98.18594028221442,7.37423
589,"Angelica",89339.4,0.34474934911136634,28.7362
590,"Leon",89132.8,99.36364615495081,46.2165
591,"Toni",89039.5,1.471380679361407,51.183
592,"Alfred",88936.2,99.35054567206605,58.7197
593,"Devon",88874.3,77.95943259187413,26.7689
594,"Sadie",88458.7,0.07853936356740492,18.7389
595,"Sophie",88159.5,0.048962505458855825,15.4104
596,"Warren",88036.5,99.47124204165317,50.7141
597,"Nina",88014.1,0.1717770220907786,40.0219
598,"Tracey",87999.3,8.655602942296131,51.0479
599,"Reginald",87868.5,99.2240677831077,47.7008
600,"Brendan",87812.8,99.63775212725251,26.7883
601,"Marlene",87691.1,0.22012952283641096,60.9414
602,"Lincoln",87664.2,97.95207165524809,8.98301
603,"Asher",87660.9,98.5927591434722,7.22629
604,"Gwendolyn",87316.4,0.2174814811421451,54.1502
605,"Violet",87295.1,0.06785867706205731,20.1572
606,"Elena",86478.7,0.1019786375142087,20.8272
607,"Penelope",85937.6,0.05441017668633985,15.1592
608,"Ayden",85867.4,97.25635107153589,9.91575
609,"Andres",85815.5,99.4960117927414,22.5813
610,"Louise",85751.4,0.6957425767975801,68.7561
611,"Geraldine",85490,0.28778804538542524,70.7082
612,"Kerry",85465.9,47.48057412371484,51.4281
613,"Penny",85316.8,0.30694423607073873,57.0507
614,"Genesis",84952.1,3.6256666992340385,11.4837
615,"Trinity",84877,3.198404750403525,15.3978
616,"Don",84773.3,99.28586005263449,62.563
617,"Clifford",84649.3,99.27229167872623,58.1433
618,"Karla",84595.6,0.3447827073748516,38.9085
619,"Bridget",84257.5,0.16721716167700207,38.5256
620,"Summer",84141.6,0.2719522804415414,22.4892
621,"Constance",83930.4,0.2042525711780237,63.2657
622,"Felicia",83665.4,0.30970389193143166,42.9187
623,"Ellie",83550.3,0.4197782653084429,10.2359
624,"Marsha",83431.9,0.22402702083975076,63.7486
625,"Hope",83251.5,0.31822729920782206,30.6845
626,"June",82551.5,1.4731894635469982,57.3211
627,"Emmanuel",82372.4,99.56126081065989,18.6362
628,"Kaleb",82117.4,99.75790758109731,15.8587
629,"Gabriela",82009.1,0.4381855184363686,22.0997
630,"Jace",81978.3,99.01510521686836,10.5522
631,"Maurice",81961.2,98.57688760047438,45.1817
632,"Jim",81735.3,99.65327098573076,63.3329
633,"Jenny",81594.8,0.5332766303735041,42.944
634,"Leonardo",81540.5,99.82928728668577,13.9351
635,"Misty",81473.2,0.2729461958042645,42.4289
636,"Jillian",81364.3,0.2685108825369357,26.7305
637,"Breanna",81050.3,0.07843795766332759,23.5427
638,"Brittney",80858.6,0.3156955475360691,30.1397
639,"Payton",80543.2,29.180861947377313,15.0917
640,"Roman",80532,99.50740078478121,14.8983
641,"Glenda",80528.2,0.21864390362630728,65.6989
642,"Drew",80517.5,89.86183127891452,27.3655
643,"Desiree",80431.4,0.2332061856439152,33.5519
644,"Giovanni",79872.7,98.83639841898422,14.6772
645,"Ezra",79625.2,95.16936849138213,8.98952
646,"Isabelle",79529.3,0.02489044918036497,16.0397
647,"Abraham",79357.1,99.74318617993852,22.6633
648,"Marjorie",79311.1,0.13464193536591976,68.2623
649,"Georgia",79142.4,0.22102059073265407,46.1102
650,"Shelly",78938.1,1.4864685114032388,51.6044
651,"Dolores",78510.7,0.5163487269888054,72.9599
652,"Cecilia",78510,0.19415233728187492,33.6851
653,"Andy",78178,98.61214152319067,33.0463
654,"Dalton",78093.6,99.49637358247027,22.5669
655,"Jody",78084.8,35.37244124336619,51.8355
656,"Santiago",78081.8,99.86129930406317,12.7831
657,"Quinn",77876.8,43.513600969736814,13.2004
658,"Darryl",77777.8,98.7340860759754,51.2065
659,"Collin",77750.6,99.37865431263552,21.0433
660,"Aria",77520.9,0.8041379808541955,6.36931
661,"Leroy",77491.6,99.27785721291082,60.4827
662,"Candace",77486.6,0.1889642854377402,45.7497
663,"Harrison",77331.4,99.63624090602266,17.3551
664,"Rachael",77322.2,0.22254281435344572,34.2105
665,"Kristine",77210.8,0.21621716132976215,49.2898
666,"Franklin",76911.3,99.35757164421872,49.1473
667,"Bernard",76748.4,99.41640477195617,59.2267
668,"Rafael",76612.2,99.3212569277478,29.0038
669,"Pedro",76471.3,99.44632823032954,32.6869
670,"Sergio",76357.3,99.54608138318143,26.5741
671,"Alvin",76321.2,99.26324533681336,52.6768
672,"Brody",76248.2,99.6326470657668,12.1548
673,"Natalia",75910.4,0.06055652453418768,14.8658
674,"Monique",75738.1,0.4638761732866285,39.3006
675,"Sherri",75582.8,0.20496991378990986,55.7721
676,"Jodi",75418.1,1.1563881879813995,48.6849
677,"Becky",75266,0.16189381659713548,57.179
678,"Jonah",75103.3,99.08605880167714,14.8053
679,"Bryson",75019.8,99.63249702078652,11.7592
680,"Bianca",74359,0.2538024986887935,24.5578
681,"Bill",73953.8,99.70441005059915,65.4619
682,"Cesar",73801.4,99.5827992422908,23.8106
683,"Arlene",73732.2,0.17403386851334965,64.5035
684,"Erick",73682.5,99.44735859939607,24.1183
685,"Mildred",73601.2,0.2580637272218388,73.7983
686,"Raul",73583,99.42812877974532,35.8128
687,"Dianne",73383.9,0.1682698793604592,65.9446
688,"Krystal",73225.3,0.2492171421626132,33.2175
689,"Neil",73005.6,99.63591834051087,48.5731
690,"Brad",72569.4,99.69573952657733,49.3913
691,"Duane",72485.1,99.22577191726299,58.0851
692,"Everett",72455.7,98.93838579987496,25.6097
693,"Miriam",72337,0.29282248365290237,37.6983
694,"Rebekah",72277.5,0.1568869980284321,30.7839
695,"Kayden",72188,89.11785892392088,8.61927
696,"Kristi",72108.2,0.17731131826893473,46.5842
697,"Dominique",72104.4,31.220563516234794,28.807
698,"Kurt",72046.1,99.74571836643482,51.0188
699,"Meredith",71864.5,2.287819437970069,36.3419
700,"Sawyer",71775.1,79.09302808355542,8.38667
701,"Kelli",71607.2,0.3897122077109565,43.0881
702,"Guadalupe",71488.3,23.8332706191083,37.5866
703,"Bella",71479.7,0.06250445930802731,9.63495
704,"Cheyenne",71420,3.532217866143937,21.7526
705,"Tom",71312.2,99.6895341891009,62.7553
706,"Krista",70904.1,0.1961311123052122,38.7736
707,"Aurora",70549.6,0.05424750813611983,14.059
708,"Marion",70438.1,33.80556829329581,64.591
709,"Marco",70432.4,99.5378547373084,26.3157
710,"Serenity",69832.7,0.1065190090029456,9.92631
711,"Gordon",69683.3,99.65041839292914,58.9429
712,"Edith",69604.7,0.23089532747070243,58.1069
713,"Cora",69552.7,0.07679874397399382,27.3225
714,"Easton",69491.3,98.68314450873706,7.37185
715,"Glen",69187,99.2008614335063,58.2906
716,"Shaun",69043.1,95.77742019115595,37.3318
717,"Tyrone",69004.7,99.05093421172762,46.0491
718,"Jacquelyn",68970.6,0.13539232658553063,48.6549
719,"Kate",68874.7,0.11058167948462935,24.9748
720,"Karl",68718,98.85808667306965,51.9741
721,"Carole",68291.3,0.1497921404337009,72.1767
722,"Valeria",68193.6,0.1514013045212454,18.0834
723,"Reagan",68100.8,10.48185924394427,12.8948
724,"Mathew",67854.3,99.7034823143117,32.5961
725,"Mila",67398.1,0.10479716787268481,5.86344
726,"Herbert",67376.6,99.39118328915379,63.4044
727,"Kristy",67318.5,0.2469544033215238,43.0735
728,"Sheryl",67119.9,0.20695650619264927,60.9152
729,"Rylee",67039.2,7.741381162066374,11.2302
730,"Caden",67006.8,98.65998674761366,13.1399
731,"Cristian",66992.6,98.34713087714165,18.2004
732,"Sandy",66985.7,9.48409884497736,52.6158
733,"Iris",66959.4,0.5618957159114331,33.6744
734,"Patsy",66882.3,1.7727709722901275,72.7056
735,"Kaden",66662.6,98.3781010641649,13.0368
736,"Lorenzo",66236,99.58104354127664,25.96
737,"Jada",66211.9,0.3777734818061406,18.7817
738,"Skyler",66188.8,60.56659132662928,17.9216
739,"Gilbert",65846.8,99.45190958406482,53.9444
740,"Kay",65794.7,1.8674148525641125,68.0277
741,"Shelley",65784.8,1.3847606133939754,54.8602
742,"Clinton",65667.1,99.53629747620954,46.2631
743,"Liliana",65473.4,0.2320469075991166,14.5712
744,"Rick",65440,99.81662591687042,57.6043
745,"Dallas",65329,79.73977865878858,26.9193
746,"Dwayne",65311,99.34528639892208,47.2824
747,"Maggie",65284.9,0.08051371756715564,29.2987
748,"Armando",65110,99.46736292428197,33.3086
749,"Belinda",64951.9,0.19988021905440792,52.795
750,"Tim",64925.7,99.74062659316728,59.2171
751,"Lewis",64908.4,99.37958723370164,52.7924
752,"Ezekiel",64803.8,99.93858384847802,9.9183
753,"Carly",64702,0.23856295014064477,24.3419
754,"Luna",64560.5,0.12640499996127663,5.03465
755,"Daniela",64546.7,0.2547473379739011,17.9824
756,"Mckenzie",64395.8,3.264824724593839,16.9895
757,"Candice",64392.8,0.22963436905989487,41.0726
758,"Jordyn",64275.2,8.692154983570646,14.2679
759,"Greg",64149.1,99.79563236272996,56.6051
760,"Kai",64141.9,88.07207145407293,10.3737
761,"Elise",63769.7,0.07105992344326538,24.3383
762,"Camille",63601.8,0.8212471974063625,30.8599
763,"Dillon",63450.9,98.60096547093895,22.9514
764,"Johnnie",63403.6,68.6550921398785,61.6861
765,"Bobbie",63394.1,11.375254164031038,60.2859
766,"Marshall",63268.2,98.63691396309679,39.446
767,"Gracie",63136.9,0.052209563662454134,21.9629
768,"Billie",63017.7,14.622018893104634,61.198
769,"Israel",62908.2,97.64243771082307,22.5869
770,"Dan",62534.5,99.48396485140204,60.0966
771,"Jonathon",62430.9,99.64937234606582,31.9546
772,"Ivy",62183,2.345705417879485,17.1319
773,"Nichole",61874.2,0.2818880890581212,37.3132
774,"Cassidy",61808.7,5.597011423958116,20.0343
775,"Damon",61163.1,99.50885419476776,34.7901
776,"Gene",61162.6,96.591217508739,63.3423
777,"Jaxson",61040.2,99.79308717861345,7.13307
778,"Juliana",61035.9,0.07765855832387168,19.291
779,"Alana",60948.5,0.04929637316751028,21.6908
780,"Terrance",60844.5,98.88288999005663,42.1606
781,"Lynda",60717.2,0.1259568952454988,64.2774
782,"Damien",60488,99.58107393201956,21.3925
783,"Kristopher",60258.6,99.52156206748913,32.7524
784,"Vernon",60223.3,99.00852327919591,59.2707
785,"Lonnie",60186.6,93.81241007134479,56.9162
786,"Terrence",59985.3,99.20247127212834,45.8071
787,"Lloyd",59950.8,99.41969081313343,60.5426
788,"Rene",59917.3,68.70352969843434,43.8832
789,"Jan",59859.9,26.3456838384294,60.7684
790,"Adrienne",59818.3,0.6413137785594041,42.3253
791,"Ryder",59807.6,96.74004641550573,8.33099
792,"Karina",59660.3,0.4093224472555452,24.1798
793,"Allan",59498.2,99.70352044263525,51.5078
794,"Sonya",59492.5,0.2762533092406606,48.0386
795,"Robyn",59478.2,1.7667313402221319,45.6552
796,"Mya",59366.6,0.0899862885865116,13.7193
797,"Gage",59254,99.59715799777231,16.7382
798,"Jimmie",59190,85.88122993748944,63.3919
799,"Weston",59118,99.85554315098616,12.48
800,"Delores",58901.7,0.2395856146766562,71.642
801,"Edna",58789,0.212755787647349,68.8788
802,"Braxton",58761.8,98.66341739020929,11.3406
803,"Sonia",58758,0.4393427277987678,43.6944
804,"Abby",58684.4,0.26287224543490256,25.9434
805,"Lucille",58576.7,0.14179187287778247,55.3048
806,"Ramon",58248.1,99.25422460131746,39.0999
807,"Axel",58107.9,99.69023144873589,8.51685
808,"Ross",58071,99.52489194262196,44.0767
809,"Byron",58064.6,99.5663450708349,43.9969
810,"Angelo",57857,98.84715764730284,31.776
811,"Kari",57327.1,1.3590657821518968,42.4698
812,"Pauline",57180.9,0.23991577607208,67.7375
813,"Sidney",56974,61.868220591848925,41.3985
814,"Malachi",56970.2,99.53537112385072,12.1511
815,"Tabitha",56907,0.24235155604758638,33.6388
816,"Bentley",56781.9,94.53505430427654,8.28758
817,"Kirk",56711.1,99.6787225075867,51.8927
818,"Mallory",56627,1.3940611369134863,24.2938
819,"Yvette",56552.7,0.29907502205907055,47.5971
820,"Piper",56505,0.3680081408724892,10.1943
821,"Camden",56479.2,93.83578379297157,10.5594
822,"Julio",56475.4,99.34042078497895,30.1017
823,"Kaitlin",56455.9,0.12868433591528963,26.8577
824,"Alma",56315.6,1.4928527796915951,50.8878
825,"Abel",56311.2,99.74996093139555,19.668
826,"Trenton",56251.7,99.86329302047761,21.8551
827,"Donovan",56248.1,99.61616481267811,22.3804
828,"Wade",56196.3,99.77454031671124,40.5621
829,"Reese",55762,28.950539794125028,12.8554
830,"Eliana",55699.1,0.05614956076489566,8.90529
831,"Conner",55360.3,98.50073066800577,16.7694
832,"Felix",55264.6,99.12638470196113,29.9438
833,"Alisha",55132.1,0.22633638116451218,32.7854
834,"Colby",54991.4,92.82360514553184,23.5171
835,"Mikayla",54937.6,0.01979045316868593,18.4768
836,"Alberto",54891.7,99.35509375734401,32.7573
837,"Sheri",54727,0.18132439198201986,54.9593
838,"Silas",54440.3,99.74742975332612,11.6018
839,"Rowan",54399.9,66.23707028873214,7.61229
840,"Angie",54360,0.21264716703458425,40.1885
841,"Paisley",54235.2,0.13010424963861109,6.28861
842,"Elliott",54206.4,87.70624870863956,19.4912
843,"Celeste",54046,0.07530992117825556,33.8284
844,"Joey",53976.1,87.53800293092684,40.3997
845,"Luca",53921.2,97.28437052587851,6.29851
846,"Daryl",53829,93.357112337216,51.7239
847,"Bennett",53714,96.93971776445619,13.2507
848,"Elliot",53635.4,88.54133650536772,17.1259
849,"Genevieve",53544.9,0.04969548920625493,30.2721
850,"Josue",53518.2,99.66030247654069,18.081
851,"Selena",53507.4,0.10450498435730386,23.36
852,"Enrique",53260.7,99.53436586451173,29.7854
853,"Jameson",53238.5,97.89494444809678,9.26689
854,"Roxanne",53218.7,0.09360243673746259,49.3163
855,"Simon",53131.7,99.7329278001645,23.0918
856,"Kiara",52740.8,0.40672306828868726,19.252
857,"Noel",52530.8,74.50257753546491,33.524
858,"Kent",52528.4,99.71672466703725,54.673
859,"Chance",52497.7,97.54236852281149,19.1712
860,"Harley",52436.9,45.863695222257604,22.7823
861,"Janelle",52418,0.1567141058415048,34.3998
862,"Lacey",52386.5,1.6591488265106467,28.8434
863,"Greyson",52176.3,98.57004042065074,6.74759
864,"Dwight",52038.3,99.49614034278598,55.9922
865,"Tessa",51974.7,0.024409568501597895,20.7911
866,"Lilly",51906.2,0.045766209046318174,16.7029
867,"Alejandra",51796.3,0.9915997860851063,23.1505
868,"Alec",51736.4,99.358478749971,23.8116
869,"Caitlyn",51735.1,0.0642171369147832,22.2105
870,"Allyson",51692.7,0.03762001211002715,26.4976
871,"Gladys",51615.4,0.26996400299135526,67.2453
872,"Lena",51527.1,0.07939103889021505,38.9451
873,"Michaela",51506.9,0.1295339071075914,23.7852
874,"Kirsten",51449.4,0.38665368303614817,33.9478
875,"Eden",51393.7,17.266824532968048,11.9688
876,"Beau",51359.2,98.3919142042711,15.8648
877,"Annabelle",51336.4,0.019331059443202094,15.0058
878,"Aimee",51207.8,0.14240037650514178,37.9561
879,"Floyd",51177.8,99.20453790510729,62.0936
880,"Gerardo",51169.3,99.54601684994712,27.1793
881,"Delilah",51152.1,0,13.1437
882,"Maverick",51127.3,98.95593939050174,5.48693
883,"Darius",51060.4,99.47963588221008,25.5852
884,"London",50945.8,18.45832237397391,11.208
885,"Emilia",50916.4,0.05087967727490552,10.6664
886,"Beatrice",50897.1,0.18276345803591953,57.4404
887,"Myles",50817.9,99.48364651038315,15.6119
888,"Zane",50791.3,99.13528497990796,18.2448
889,"Callie",50778,0.32027452833904446,21.2898
890,"Emmett",50770.3,99.62871994059519,16.5127
891,"Nelson",50757,99.42628602951318,43.2062
892,"Emerson",50745.9,45.059994994669516,11.8946
893,"Declan",50324.8,99.32756811750866,7.63327
894,"Rickey",50201.5,98.88429628596755,55.8092
895,"Dominick",50198.5,99.48643883781388,26.4241
896,"Willow",50184.4,0.7051175265620392,7.65754
897,"Perry",50040.6,94.76225305052297,52.5487
898,"Hayley",50017.7,0.08999094320610505,23.9079
899,"Cristina",49951.8,0.5192125208701187,33.971
900,"Valentina",49939.5,0.013912734408634447,10.4118
901,"Cara",49928.6,0.11840628417380018,35.3858
902,"Frankie",49886.6,62.002421491943736,47.6104
903,"Sam",49734,98.41999437004866,46.3832
904,"Clyde",49564.9,98.95167749758397,59.7866
905,"Lynne",49478.8,0.47707503011390734,63.9405
906,"Traci",49313.3,0.4352841931081473,48.3677
907,"Kylee",49298.1,0.9696519744168639,17.1944
908,"Josie",48993.3,0.7388336772579107,23.8947
909,"Florence",48977.8,0.2826015051717309,69.3224
910,"Tucker",48962,99.2526857563008,13.4571
911,"Marian",48831.4,0.7606294310627997,63.5909
912,"Marcos",48806.7,99.68651844931127,25.6989
913,"Graham",48786.9,99.6148556272278,17.7839
914,"Guy",48678.9,99.626121379078,55.9305
915,"Arturo",48626.3,99.59404684296358,33.14
916,"Harvey",48603.3,99.24182102861329,54.2828
917,"Trent",48596.8,99.79854640634774,29.776
918,"Jude",48461.5,94.66875767361721,12.2923
919,"Kellie",48434,0.47980137919643223,43.1353
920,"Kaiden",48374.2,96.8299217351398,8.70699
921,"Julianna",48235.2,0.053051091319202576,17.8666
922,"Kelley",48080,9.641493344425957,46.0236
923,"Lana",48018.5,0.020342971979549547,42.2248
924,"Jaclyn",47949,0.20511668647938433,34.1981
925,"Vera",47935.5,0.11862544460785847,50.3258
926,"Dianna",47867.3,0.10553968993446464,55.1024
927,"Esmeralda",47820.5,0.36228395771687877,23.5723
928,"Marianne",47717.8,0.07774918374275427,59.8645
929,"Anastasia",47595.8,0.046947629832884405,19.7717
930,"Alfredo",47441.1,99.44499600557324,34.1791
931,"Roland",47427.6,99.64619757272138,51.1357
932,"Stuart",47399,99.52108694276251,53.5247
933,"Geoffrey",47189.3,99.71582540957377,45.2958
934,"Gayle",47181.1,4.022246196040364,66.4678
935,"Marisa",47176.8,0.13296556782147156,33.457
936,"Raquel",47140.8,0.5430349081899332,34.4531
937,"Giselle",47080.9,0.09160402626118022,16.6303
938,"Donnie",46905.4,93.52313379696155,56.8958
939,"Aubree",46819.7,0.11843903314203211,9.73127
940,"Ashlyn",46723.5,0.11428702901109719,17.6134
941,"Eliza",46699.2,0.09548578990646521,17.9727
942,"Malik",46689.8,99.45534142360857,19.5345
943,"Kelvin",46585.7,99.38478975307873,38.8515
944,"Adrianna",46409.5,0.04877902153653886,19.1809
945,"Thelma",46373,0.34076941323615034,72.8494
946,"Vicky",46185.1,0.7202192915031038,58.0067
947,"Freddie",46012.7,90.76885294712113,59.2574
948,"Ramona",45909.2,0.29861117161701795,57.2293
949,"Bryant",45872.6,99.50275327755567,32.7719
950,"Alaina",45861.5,0.012648583234303285,16.2796
951,"Malcolm",45825.8,99.83480921227779,34.7128
952,"Lester",45819.1,99.06196324240328,59.9429
953,"Dante",45807,99.00888510489662,21.1681
954,"Khloe",45730.6,0.041242406616138864,8.6474
955,"Ty",45641.2,98.44701716869847,24.7853
956,"Julius",45429.4,99.53048026168075,32.7968
957,"Griffin",45390.3,98.48271547004536,14.8793
958,"Zion",45353.2,85.35604984874276,9.83154
959,"Braden",45147.9,99.39399174712446,18.8452
960,"Tyson",45115.7,99.31309943101849,22.7002
961,"River",45105,66.44207959206297,6.78862
962,"Amir",45092.9,98.95571143128963,10.9908
963,"Emery",45000.4,24.398227571310475,12.4214
964,"Raven",44937,6.856599238934509,22.6505
965,"Dawson",44895.1,97.50885954146443,13.5223
966,"Antoinette",44881.1,0.09877119767563629,53.7908
967,"Aliyah",44834.2,0.09503392499475848,12.512
968,"Alexia",44709.8,0.09647974269623213,18.7893
969,"Margie",44696.7,0.2412415234234295,70.0512
970,"Leilani",44570.7,0.05551561900531067,13.577
971,"Lane",44527.3,90.90490552986594,21.7312
972,"Jasmin",44506.2,1.2800733380967146,23.5015
973,"Lillie",44415.4,0.2920473529451496,54.9583
974,"Patty",44380.5,0.20530931377519407,64.6664
975,"Lucia",44379.9,0.18499636096521174,22.6592
976,"Milton",44372.5,99.4579976336695,56.7142
977,"Latoya",44356.1,0.39562540439759136,38.8819
978,"Kasey",44000.3,26.600500451133286,28.809
979,"Jayla",43892.4,0.11479139896656369,13.2352
980,"Lola",43868.2,0.06913276587596483,34.7111
981,"Bernice",43826.3,1.4651841474183307,69.3904
982,"Nadia",43751.1,0.1361897186585023,21.3787
983,"Shawna",43677.6,0.22467809586607324,41.196
984,"Lila",43584.2,0.014834641911518396,27.1031
985,"Rosalie",43571.2,0.06105363175675676,44.2427
986,"Maryann",43498.7,0.055062335196224256,60.5258
987,"Makenzie",43482.9,0.6675750697400588,14.9008
988,"Amari",43422,57.961862650269445,9.95755
989,"Kenny",43370.1,98.93405825672527,44.6713
990,"Janie",43368.8,0.35172750917710427,58.0464
991,"Brielle",43326.5,0,9.24975
992,"Chandler",43310.8,78.322035150586,20.4137
993,"Athena",43251.1,0,15.7578
994,"Maddox",43136.3,96.37405155286845,8.10888
995,"Gretchen",43061.8,0.07816324445332055,48.822
996,"Ashlee",42889.2,0.5819273849826997,28.8586
997,"Jazmin",42850.1,0.5146289040165601,19.7939
998,"Adeline",42815.5,0.02606462612838809,13.9015
999,"Christie",42688.1,0.9757848205940297,46.6658
1000,"Wilma",42543.4,0.3511308452074822,73.6904